horizon,model,forecast_step,lead_minutes,MAE,RMSE,MAPE
1h,Naive,1,15,11.87705051907353,17.952582318174837,7.533491354267201
1h,Naive,2,30,15.71812973119589,24.277881452108925,9.570577387338467
1h,Naive,3,45,18.727826540924344,29.472242636771618,11.325733874361335
1h,Naive,4,60,21.55712652444582,33.993566580317,13.07977553327829
1h,Seasonal Naive,1,15,15.395332931821203,24.912738578997224,9.443261258583176
1h,Seasonal Naive,2,30,15.395551673299401,24.912772245793526,9.443515124640768
1h,Seasonal Naive,3,45,15.39518637503081,24.912670705924224,9.443458636341427
1h,Seasonal Naive,4,60,15.394527963181439,24.912447154613666,9.443235458345308
1h,Ridge,1,15,11.547917464154052,16.64810611195021,7.521637397770648
1h,Ridge,2,30,15.222283642657796,21.39948981964328,9.480626637461201
1h,Ridge,3,45,18.014790448211194,24.70093209908031,10.974530250870524
1h,Ridge,4,60,20.18017653171064,26.95912114899194,12.15692981435235
1h,LightGBM,1,15,11.584377877921716,16.576277267102416,8.298678498955473
1h,LightGBM,2,30,12.616716367194273,18.121453274057007,8.803994937319516
1h,LightGBM,3,45,13.10334996947293,18.847469219228277,9.089204259084823
1h,LightGBM,4,60,13.460910818126367,19.196601441679803,9.278078492707456
24h,Naive,1,15,11.868934932649504,17.942535931645683,7.537645207527794
24h,Naive,2,30,15.701378617802513,24.2558728330871,9.571382965303483
24h,Naive,3,45,18.701508388676366,29.441298483010097,11.323073169240002
24h,Naive,4,60,21.52514903877278,33.95929709437379,13.073698454010193
24h,Naive,5,75,24.45907589076866,38.43341475591815,14.851485998296177
24h,Naive,6,90,27.28505417421344,42.33300189087485,15.902072340122
24h,Naive,7,105,30.177674781300922,46.21712886308253,18.292914595902342
24h,Naive,8,120,33.072530493958325,49.83807216344807,20.02550517173038
24h,Naive,9,135,36.12384725821679,53.47583589524409,21.258534112948585
24h,Naive,10,150,39.23326285280907,57.122529395781,23.62616848500945
24h,Naive,11,165,42.22682498713276,60.810505500429834,25.482043111087282
24h,Naive,12,180,45.15371477182149,64.32839551306724,27.312198090519907
24h,Naive,13,195,48.14573679244481,67.83165745303162,29.16876924257724
24h,Naive,14,210,51.12508271794694,71.21935811434247,30.989320778496353
24h,Naive,15,225,54.0169182551881,74.47412401255204,32.31135973302283
24h,Naive,16,240,56.861737482603225,77.61320075798949,34.603670513626525
24h,Naive,17,255,59.7589271669026,80.6393954185613,36.34269340127442
24h,Naive,18,270,62.684461387892156,83.6374915127095,38.254438157270705
24h,Naive,19,285,65.65222680081985,86.59256864579231,39.98059253555336
24h,Naive,20,300,68.49307454150308,89.3413710613238,41.621292024758546
24h,Naive,21,315,71.34513076539328,92.00717760568388,43.443578071924456
24h,Naive,22,330,74.14459023894537,94.54168811600084,45.16852936701366
24h,Naive,23,345,76.86753982252145,97.02876225654366,46.88074372460621
24h,Naive,24,360,79.59721742538684,99.4176384059496,48.69798958314941
24h,Naive,25,375,82.39928623090015,101.85386300081181,50.347615374894986
24h,Naive,26,390,85.12695282462562,104.17425223470158,52.14238239808522
24h,Naive,27,405,87.84619602901124,106.49832259732628,53.95624271851152
24h,Naive,28,420,90.49028490712004,108.66688154462487,55.699419464353596
24h,Naive,29,435,92.997718903398,110.73819814616232,57.154468541708304
24h,Naive,30,450,95.39204205748055,112.67766096394787,58.590317406201976
24h,Naive,31,465,97.6016482365661,114.4813417484576,59.8701511617853
24h,Naive,32,480,99.63654561651268,116.00875469563665,60.97790011562132
24h,Naive,33,495,101.31794698962328,117.33573813521203,61.79700797242942
24h,Naive,34,510,102.75372695798026,118.46253996650934,62.46742521859735
24h,Naive,35,525,104.24123804928888,119.50312061543497,63.153662349185524
24h,Naive,36,540,105.61570127975169,120.53570427556565,63.68364965313382
24h,Naive,37,555,107.20551092667824,121.6386260726226,64.3573669204039
24h,Naive,38,570,108.80014157621517,122.77711321433503,65.06207015038981
24h,Naive,39,585,110.46484996231368,123.85312968613185,65.78010969694189
24h,Naive,40,600,112.08547726241454,124.84249495289974,66.52192961616063
24h,Naive,41,615,113.47397361638028,125.67950644308452,67.16730624735453
24h,Naive,42,630,114.38113793530728,126.32441270462066,67.52521735736681
24h,Naive,43,645,115.13207994588873,126.82844945007015,67.83753285596646
24h,Naive,44,660,115.76515895174425,127.23141068544683,68.1189020039113
24h,Naive,45,675,116.2230531366323,127.56636187521151,68.31483818516027
24h,Naive,46,690,116.51261428551757,127.80637830851302,68.44991077758046
24h,Naive,47,705,116.66411592200737,127.95065475022513,68.53372542830424
24h,Naive,48,720,116.74964679180327,128.01111794849479,68.59532749346042
24h,Naive,49,735,116.70520612623979,128.00572987037003,68.62297543091383
24h,Naive,50,750,116.56079501797015,127.85578203161843,68.66486062514382
24h,Naive,51,765,116.29995189982505,127.66156857228256,68.68470863638404
24h,Naive,52,780,115.88062134177221,127.37341887042686,68.5733811603318
24h,Naive,53,795,115.2831795270188,126.98230382392445,68.2534318449351
24h,Naive,54,810,114.56050003090476,126.5152037588001,67.92876190320534
24h,Naive,55,825,113.69709017376697,125.92699062252187,67.41714369840236
24h,Naive,56,840,112.35938974294527,125.11409326365185,66.73634759725363
24h,Naive,57,855,110.79419115689117,124.14414777191652,65.87441161358588
24h,Naive,58,870,109.14030677483052,123.10002432753924,64.89624967857685
24h,Naive,59,885,107.53541089764825,121.9890224546665,63.98559724871959
24h,Naive,60,900,106.00917286740021,120.90378242819939,63.12341172528328
24h,Naive,61,915,104.60892463300176,119.88086640269876,62.33973778227727
24h,Naive,62,930,103.22816399991913,118.88477219729587,61.541757435525724
24h,Naive,63,945,101.81974503392054,117.79847159493725,60.71738463252999
24h,Naive,64,960,100.13895077172656,116.48855134269735,59.756340376126396
24h,Naive,65,975,98.15979408320975,114.97327459670737,58.636848435514224
24h,Naive,66,990,96.01946079762506,113.21955929146257,57.35584379454801
24h,Naive,67,1005,93.678506281584,111.31350754933956,55.93956462913998
24h,Naive,68,1020,91.22356431084194,109.27598846016808,54.53974958687371
24h,Naive,69,1035,88.65455579254117,107.13146233862936,52.93337791147539
24h,Naive,70,1050,85.95904557183987,104.86680309037604,51.24568670374837
24h,Naive,71,1065,83.26866247240169,102.57903145594362,49.706320558295545
24h,Naive,72,1080,80.62692148041909,100.25158622541535,48.05086579540175
24h,Naive,73,1095,77.95024854198172,97.87216494256917,46.49184420037529
24h,Naive,74,1110,75.27087472892386,95.40305795002371,44.85415910644027
24h,Naive,75,1125,72.57138276871284,92.94044671301735,43.104717963880894
24h,Naive,76,1140,69.77164354079389,90.31361283734077,41.34498178812602
24h,Naive,77,1155,66.98168765996162,87.60481157309256,39.67830512018837
24h,Naive,78,1170,64.17300434805661,84.77063882914223,37.84172460145167
24h,Naive,79,1185,61.38188331225654,81.88114756537614,36.01234157854993
24h,Naive,80,1200,58.51127322217563,78.90981988417096,34.25743127561524
24h,Naive,81,1215,55.76062209754842,75.89654609205579,32.50996567342217
24h,Naive,82,1230,52.9444718340081,72.71003917223221,30.768260839433896
24h,Naive,83,1245,50.09496708711842,69.47842887540146,29.106674900719852
24h,Naive,84,1260,47.128954899202,66.1026737098507,27.254604926339226
24h,Naive,85,1275,44.326892684760175,62.71898988234542,25.68243326413901
24h,Naive,86,1290,41.44768564045733,59.22311456753328,23.975978589514682
24h,Naive,87,1305,38.61116530436542,55.889725828278415,22.364872927755556
24h,Naive,88,1320,35.698572286038434,52.44613317378786,20.6927983930947
24h,Naive,89,1335,32.93984050778785,49.12320493431197,19.268828603354176
24h,Naive,90,1350,30.336667536688097,45.65327394572821,17.759430602766145
24h,Naive,91,1365,27.75777021415709,42.18814074860617,16.371409384169326
24h,Naive,92,1380,25.024819045794473,38.406943340091416,14.895588747517921
24h,Naive,93,1395,22.482845637984955,34.643245617839824,13.547763591978859
24h,Naive,94,1410,19.735228603258218,30.475299188160108,12.039466322012865
24h,Naive,95,1425,17.26139515699786,27.017289495416783,10.575791854161565
24h,Naive,96,1440,15.41733053403205,24.94997262913236,9.461366661283712
24h,Seasonal Naive,1,15,15.293668851094225,24.663760002448683,9.383933139541082
24h,Seasonal Naive,2,30,15.293742817562954,24.663766924972247,9.384049083308712
24h,Seasonal Naive,3,45,15.293521650498043,24.663691143032544,9.384114747770056
24h,Seasonal Naive,4,60,15.293080781050762,24.663498681854172,9.384116395918811
24h,Seasonal Naive,5,75,15.293226516964397,24.66355319477593,9.384493260793072
24h,Seasonal Naive,6,90,15.292834714382511,24.663414923765348,9.384459450162758
24h,Seasonal Naive,7,105,15.293127650892334,24.66346957418125,9.384789646603254
24h,Seasonal Naive,8,120,15.292395309617785,24.663241863316085,9.3844633831861
24h,Seasonal Naive,9,135,15.292175607235421,24.663221369235096,9.384341295098398
24h,Seasonal Naive,10,150,15.291370031833413,24.66284514042462,9.383843326386717
24h,Seasonal Naive,11,165,15.291149597109776,24.662824509156792,9.3836597715466
24h,Seasonal Naive,12,180,15.291222831237231,24.662840494798647,9.383764624436818
24h,Seasonal Naive,13,195,15.290783426472503,24.662676265745116,9.383396669586377
24h,Seasonal Naive,14,210,15.290784158813777,24.66267631151626,9.383404480389004
24h,Seasonal Naive,15,225,15.290711657027597,24.662660508169527,9.383360692197874
24h,Seasonal Naive,16,240,15.290491954645232,24.662612550862875,9.383189977143573
24h,Seasonal Naive,17,255,15.290272984604139,24.66257843895152,9.382997115958483
24h,Seasonal Naive,18,270,15.290346218731596,24.662585270491824,9.383094530870856
24h,Seasonal Naive,19,285,15.290492686986507,24.662594379209295,9.38325292745769
24h,Seasonal Naive,20,300,15.290786355837598,24.662649259388566,9.383578972366657
24h,Seasonal Naive,21,315,15.290566653455233,24.662628764815135,9.383359606435109
24h,Seasonal Naive,22,330,15.29020048281796,24.662526291692526,9.383037553898548
24h,Seasonal Naive,23,345,15.29027444928669,24.662537814474835,9.383124820666406
24h,Seasonal Naive,24,360,15.290054746904325,24.662503656688642,9.38294266453921
24h,Seasonal Naive,25,375,15.291374425881063,24.663571362079733,9.383625034332645
24h,Seasonal Naive,26,390,15.294159519748174,24.667037623827355,9.385007227827193
24h,Seasonal Naive,27,405,15.295478466383637,24.66785811233532,9.385845065648772
24h,Seasonal Naive,28,420,15.29606507174455,24.668113601732003,9.386187128199255
24h,Seasonal Naive,29,435,15.297457252507467,24.669629635551154,9.386752192328442
24h,Seasonal Naive,30,450,15.298263560250746,24.670055980547577,9.387179477907235
24h,Seasonal Naive,31,465,15.298702965015476,24.670165251835204,9.387395448739436
24h,Seasonal Naive,32,480,15.298923399739117,24.67019958135914,9.387505439584569
24h,Seasonal Naive,33,495,15.30024234637458,24.671101960546086,9.388108009877621
24h,Seasonal Naive,34,510,15.301121888245312,24.671484983801783,9.388505972778958
24h,Seasonal Naive,35,525,15.30141628943768,24.671594978102284,9.388463731072589
24h,Seasonal Naive,36,540,15.301710690630049,24.671686670147714,9.388459155881389
24h,Seasonal Naive,37,555,15.301417754120228,24.671613827168674,9.38808688717646
24h,Seasonal Naive,38,570,15.302373459483517,24.672239137306512,9.388248546846514
24h,Seasonal Naive,39,585,15.304356639654996,24.674772489320734,9.388574637095896
24h,Seasonal Naive,40,600,15.30553131505937,24.67550482739041,9.388890356531721
24h,Seasonal Naive,41,615,15.305972184506652,24.675587309950156,9.389032790940139
24h,Seasonal Naive,42,630,15.307367294634668,24.676760967318206,9.3893890463044
24h,Seasonal Naive,43,645,15.307882130550675,24.676969438328996,9.389477260879627
24h,Seasonal Naive,44,660,15.308400628173057,24.67785725059542,9.389217293202265
24h,Seasonal Naive,45,675,15.309283099408887,24.67868184748378,9.38930780364883
24h,Seasonal Naive,46,690,15.308039583924703,24.67663068242583,9.388280691065383
24h,Seasonal Naive,47,705,15.307820613883612,24.676569370271306,9.388107446097385
24h,Seasonal Naive,48,720,15.308996021629264,24.67730174627614,9.388426602273537
24h,Seasonal Naive,49,735,15.31075949941838,24.679278915594,9.388834446584408
24h,Seasonal Naive,50,750,15.313624418484416,24.682939270535414,9.389665968747913
24h,Seasonal Naive,51,765,15.31751754469992,24.691305523267722,9.39061201507886
24h,Seasonal Naive,52,780,15.319354256616489,24.693078425625632,9.391150060035361
24h,Seasonal Naive,53,795,15.321557871511606,24.695548147432206,9.391786782512948
24h,Seasonal Naive,54,810,15.322343673699198,24.69675477337367,9.391937322275139
24h,Seasonal Naive,55,825,15.325721963998694,24.70180314086303,9.392897453364869
24h,Seasonal Naive,56,840,15.32658100031374,24.70298801214476,9.393024308672855
24h,Seasonal Naive,57,855,15.326044194159497,24.702798870164646,9.392783659428321
24h,Seasonal Naive,58,870,15.326755297537082,24.70351432418696,9.392973510115166
24h,Seasonal Naive,59,885,15.327343367580545,24.703697425748683,9.393175071480803
24h,Seasonal Naive,60,900,15.326977929284547,24.703617902662998,9.393021291135048
24h,Seasonal Naive,61,915,15.32785893583783,24.704111546652157,9.393306747339384
24h,Seasonal Naive,62,930,15.329329477117124,24.70603329091483,9.393655073530992
24h,Seasonal Naive,63,945,15.330480717600715,24.707549808623295,9.393901107055994
24h,Seasonal Naive,64,960,15.331434958281452,24.708114018491308,9.39418165265578
24h,Seasonal Naive,65,975,15.333858275558935,24.711055425051615,9.394903618278667
24h,Seasonal Naive,66,990,15.335547786879317,24.712895177635904,9.39539401684781
24h,Seasonal Naive,67,1005,15.33518088390077,24.712815365535874,9.39522808310489
24h,Seasonal Naive,68,1020,15.33515818132126,24.712802424034596,9.395171915860713
24h,Seasonal Naive,69,1035,15.334400940443379,24.71241799061111,9.394852614807528
24h,Seasonal Naive,70,1050,15.33503880969351,24.713158482039415,9.39497455575293
24h,Seasonal Naive,71,1065,15.33575064541237,24.71422844480335,9.395062619770144
24h,Seasonal Naive,72,1080,15.336266213669653,24.714693337847095,9.395122652076529
24h,Seasonal Naive,73,1095,15.337662056138942,24.715865320235594,9.395619958004364
24h,Seasonal Naive,74,1110,15.339277600990599,24.716971081574535,9.396212551671471
24h,Seasonal Naive,75,1125,15.340820644056073,24.7184585008056,9.396797013341306
24h,Seasonal Naive,76,1140,15.340870443262745,24.718510103153534,9.396747006028619
24h,Seasonal Naive,77,1155,15.343658466494954,24.72324531086569,9.398112607613575
24h,Seasonal Naive,78,1170,15.349455680024283,24.741910697815445,9.401506153786471
24h,Seasonal Naive,79,1185,15.355616134825791,24.763824977679857,9.40613960014091
24h,Seasonal Naive,80,1200,15.3616528239519,24.782969635787516,9.410947909006651
24h,Seasonal Naive,81,1215,15.367517412878492,24.804522618604434,9.416025465016247
24h,Seasonal Naive,82,1230,15.374482710740725,24.827723615109907,9.42179582074341
24h,Seasonal Naive,83,1245,15.381765844716117,24.850535248769113,9.427891900783097
24h,Seasonal Naive,84,1260,15.388166507455677,24.869774173743295,9.433307818146265
24h,Seasonal Naive,85,1275,15.393982029516874,24.88687762913658,9.438453133972311
24h,Seasonal Naive,86,1290,15.400603859321347,24.906136286216405,9.44417532263221
24h,Seasonal Naive,87,1305,15.406858786147273,24.92411981401361,9.449720380062816
24h,Seasonal Naive,88,1320,15.412134572689125,24.93841344569227,9.454502223015824
24h,Seasonal Naive,89,1335,15.416090680254237,24.947910278661745,9.45828476736013
24h,Seasonal Naive,90,1350,15.417749433241092,24.950633411512744,9.460265015611128
24h,Seasonal Naive,91,1365,15.417503366572845,24.950396083705353,9.460589606184687
24h,Seasonal Naive,92,1380,15.417869537210118,24.95047486549359,9.460985400986283
24h,Seasonal Naive,93,1395,15.418016737806301,24.950529202498533,9.461358589966462
24h,Seasonal Naive,94,1410,15.418309674316124,24.950565216869016,9.461642385812528
24h,Seasonal Naive,95,1425,15.417257299904596,24.949970378182268,9.461294642202112
24h,Seasonal Naive,96,1440,15.41733053403205,24.94997262913236,9.461366661283712
24h,Ridge,1,15,11.517214171411307,16.607644894600746,7.506268096561534
24h,Ridge,2,30,15.188634719979618,21.346779115757933,9.460823593837024
24h,Ridge,3,45,17.97944925999134,24.653899413127302,10.95521508344014
24h,Ridge,4,60,20.148531804595457,26.91467283602866,12.139458874798871
24h,Ridge,5,75,21.998059394936696,28.76526053621178,13.225847302516375
24h,Ridge,6,90,23.21256998291449,29.862719684935982,13.537875398911343
24h,Ridge,7,105,23.997253338036014,30.670958383850593,14.25146555480069
24h,Ridge,8,120,24.473466279513666,31.24700827378557,14.44516212154167
24h,Ridge,9,135,24.83405264286292,31.614893874245475,14.160382447368375
24h,Ridge,10,150,25.106537069010553,31.945608090219952,14.510370456885791
24h,Ridge,11,165,25.272295432723666,32.22240337638703,14.812674495320666
24h,Ridge,12,180,25.33712278298318,32.32799450475536,14.726459209591702
24h,Ridge,13,195,25.470375547920835,32.479334985511606,14.880822094646573
24h,Ridge,14,210,25.62041373881374,32.588112703373206,15.014677696477689
24h,Ridge,15,225,25.765351703790476,32.54187395154033,15.05510756327573
24h,Ridge,16,240,25.90482226466491,32.576615989143676,15.510239676382387
24h,Ridge,17,255,25.969073496868667,32.51018657896895,15.670382848345113
24h,Ridge,18,270,26.040987998859478,32.50493037104745,15.872408375977573
24h,Ridge,19,285,25.952643504425833,32.39700518460677,15.96423487861513
24h,Ridge,20,300,25.869489039262138,32.301260255394936,16.03818166116478
24h,Ridge,21,315,25.678334504496622,32.12751629615993,16.043849905287974
24h,Ridge,22,330,25.504888431533807,32.03743261521618,15.98471550544799
24h,Ridge,23,345,25.23648990004477,31.821972693955964,15.861410029377424
24h,Ridge,24,360,25.072108779068213,31.73348233822927,15.694013960688464
24h,Ridge,25,375,24.853785345333577,31.60387498810843,15.527400964554205
24h,Ridge,26,390,24.73364049745894,31.568316251618914,15.354328856309898
24h,Ridge,27,405,24.66756681637059,31.54768227808972,15.202747443307185
24h,Ridge,28,420,24.95271719165503,31.841724822008576,15.270002953996945
24h,Ridge,29,435,25.233155530778788,32.1617550390049,15.352850833431638
24h,Ridge,30,450,25.297150743580186,32.37770212705101,15.225091504219233
24h,Ridge,31,465,25.168173781791793,32.40069816796018,14.966614875323273
24h,Ridge,32,480,25.167821954355198,32.53516228829268,14.801769759271505
24h,Ridge,33,495,25.34386288923681,32.83386714898691,14.785039042215049
24h,Ridge,34,510,25.691332238473255,33.298852967299524,14.88084138545574
24h,Ridge,35,525,25.960994558188567,33.676767391589756,14.938100070094116
24h,Ridge,36,540,26.142173950634987,33.93007677135945,15.005724233955487
24h,Ridge,37,555,26.318134252186404,34.082862075930585,15.097396840966926
24h,Ridge,38,570,26.456325045425356,34.12752736415539,15.19938043293419
24h,Ridge,39,585,26.42576534997611,34.04730589731795,15.239964109127548
24h,Ridge,40,600,26.286999307532465,33.86775888884417,15.232036488870634
24h,Ridge,41,615,26.149213741420795,33.692600650075974,15.239090618692117
24h,Ridge,42,630,26.004881892645983,33.50214140632237,15.260544192869427
24h,Ridge,43,645,25.874810569961607,33.297677172751044,15.297116105665523
24h,Ridge,44,660,25.774463348092272,33.1353638048547,15.34617540304524
24h,Ridge,45,675,25.686046212150657,33.025118274461086,15.399490817988559
24h,Ridge,46,690,25.594252734295807,32.98350909705718,15.45941617177751
24h,Ridge,47,705,25.578961632943102,32.99816290024358,15.53766774545539
24h,Ridge,48,720,25.59145980520562,33.06940882757562,15.58676642521366
24h,Ridge,49,735,25.63084838336819,33.14315264629078,15.557500902997761
24h,Ridge,50,750,25.66623838780574,33.24107991839564,15.517026549613375
24h,Ridge,51,765,25.784535007074357,33.44058860567294,15.51948287808157
24h,Ridge,52,780,25.975238273236233,33.74442953887828,15.568074310540913
24h,Ridge,53,795,26.220979283655016,34.09062509655867,15.58758479328951
24h,Ridge,54,810,26.407386392811517,34.36578775801493,15.580333954937553
24h,Ridge,55,825,26.562935463616952,34.50358741469143,15.53188274850057
24h,Ridge,56,840,26.583672093669243,34.50278014504255,15.466760654743384
24h,Ridge,57,855,26.46013956351185,34.36802224583033,15.338923098063049
24h,Ridge,58,870,26.229365356222896,34.12985400693926,15.199375787875566
24h,Ridge,59,885,25.940094703950855,33.83866565261683,15.060468900883246
24h,Ridge,60,900,25.713384869196698,33.64973747328347,14.947583891055363
24h,Ridge,61,915,25.53572414438207,33.52783312934981,14.863418193256628
24h,Ridge,62,930,25.332888470098048,33.352369272456684,14.778837543033314
24h,Ridge,63,945,25.054122430193527,33.01104042034378,14.691706060673887
24h,Ridge,64,960,24.81945847031501,32.6606597300459,14.646027776560611
24h,Ridge,65,975,24.835642422484785,32.57225274431553,14.752277091371823
24h,Ridge,66,990,25.10908144977738,32.73743433605899,15.038241975570237
24h,Ridge,67,1005,25.38247488519423,32.924244216754396,15.284745432075987
24h,Ridge,68,1020,25.599194813857277,33.05686898871689,15.522480993531044
24h,Ridge,69,1035,25.745729847602966,33.17107163757258,15.634227519910704
24h,Ridge,70,1050,25.913606308635995,33.294267317437196,15.746706469109043
24h,Ridge,71,1065,25.89872572711974,33.30766969589546,15.735833461271875
24h,Ridge,72,1080,25.891970691391016,33.35453460504166,15.678864336690035
24h,Ridge,73,1095,25.908900507259247,33.40326795509449,15.682365035245956
24h,Ridge,74,1110,25.995696285828412,33.51242015391622,15.663380132046086
24h,Ridge,75,1125,26.0179753445587,33.55883195879479,15.63408573293026
24h,Ridge,76,1140,26.095036132335,33.66746780425255,15.625706416362483
24h,Ridge,77,1155,26.10040310821414,33.77072832292189,15.536751117220525
24h,Ridge,78,1170,26.187053206091626,33.92794457457773,15.486606222243413
24h,Ridge,79,1185,26.209354219996854,34.03745129451242,15.410963794460617
24h,Ridge,80,1200,26.26182466859066,34.06892728974982,15.35872503967522
24h,Ridge,81,1215,26.245974480047188,34.03024590287188,15.323420433852764
24h,Ridge,82,1230,26.191969118090793,33.96843991746169,15.283003596041839
24h,Ridge,83,1245,26.040996005629438,33.89526719479239,15.209855117261458
24h,Ridge,84,1260,25.715683812179662,33.68629294689766,15.049873489263527
24h,Ridge,85,1275,25.236578620096626,33.368722575157065,14.825029103567843
24h,Ridge,86,1290,24.600362369716507,32.84267729176091,14.498973311155119
24h,Ridge,87,1305,23.708302446199188,32.06308288568645,14.067356461921099
24h,Ridge,88,1320,22.39807900816216,30.880845211029655,13.438560649662792
24h,Ridge,89,1335,21.00404191335033,29.34492760694614,12.797545699089715
24h,Ridge,90,1350,19.010499603959875,27.11539251766127,11.799291960116934
24h,Ridge,91,1365,17.04370576260305,24.94862448740087,10.74701955062453
24h,Ridge,92,1380,15.313607732035667,23.089159121131768,9.806265076204337
24h,Ridge,93,1395,15.029100769572537,22.77145886724618,9.697035045346867
24h,Ridge,94,1410,14.859342707279222,22.502221528240323,9.620500026931605
24h,Ridge,95,1425,14.599994834106319,22.12613771803345,9.486105195741477
24h,Ridge,96,1440,14.383238122519169,21.82022382473713,9.327976113276584
24h,LightGBM,1,15,11.335941451774056,16.231724769416147,8.1616294756956
24h,LightGBM,2,30,12.476289722211627,17.700158596289363,8.680378200941167
24h,LightGBM,3,45,13.172701893370151,18.749221726899464,9.124219551214042
24h,LightGBM,4,60,13.882989413188914,19.572782846731748,9.55517960590507
24h,LightGBM,5,75,14.170294817647193,19.96374876706041,9.657943127459376
24h,LightGBM,6,90,14.252327182328823,20.382585415515546,9.670395896898336
24h,LightGBM,7,105,14.86462419846132,21.11384758529106,10.112140139163568
24h,LightGBM,8,120,15.665660234339919,22.221284526508207,10.4966621883479
24h,LightGBM,9,135,15.606075639249042,22.050231317528542,10.515765656308988
24h,LightGBM,10,150,15.919023714353253,22.42928524154855,10.782163634663656
24h,LightGBM,11,165,16.08960636230364,22.67909969230177,10.882906412003438
24h,LightGBM,12,180,16.33070692368674,23.08751881130625,11.010538620385297
24h,LightGBM,13,195,16.19923758565206,22.87058442125063,10.97053045289617
24h,LightGBM,14,210,16.641235474637806,23.752514753712408,11.338786723474291
24h,LightGBM,15,225,16.960881584418726,24.420252180974302,11.499591408483067
24h,LightGBM,16,240,17.380937650672962,25.120527399480906,11.703848967239324
24h,LightGBM,17,255,17.3231719020824,24.71966302429118,11.75731032466309
24h,LightGBM,18,270,17.292023639509218,24.770632014840636,11.693762989138515
24h,LightGBM,19,285,17.19025905619934,24.501652742626913,11.54893868093916
24h,LightGBM,20,300,17.474668747010174,25.163092195033364,11.825651148315147
24h,LightGBM,21,315,17.410539482361177,24.98856481974152,11.8683164475659
24h,LightGBM,22,330,17.059428814195705,24.161325380711325,11.64773082463484
24h,LightGBM,23,345,17.82952165009305,25.681682230070614,12.217330440161566
24h,LightGBM,24,360,18.10650245886846,26.086046459215016,12.418146920663254
24h,LightGBM,25,375,18.16871874593541,26.16452666132506,12.414888461611445
24h,LightGBM,26,390,17.76855357468223,25.59521187513167,12.207858215612175
24h,LightGBM,27,405,17.946828860084747,25.806163613528568,12.285962251613853
24h,LightGBM,28,420,18.250520293459005,26.485658516561134,12.582018060845767
24h,LightGBM,29,435,18.404419405696157,26.518761597611366,12.544981677992844
24h,LightGBM,30,450,18.342379752270183,26.375029872297308,12.519092169414087
24h,LightGBM,31,465,18.65710585991339,27.014055470295887,12.71672814163205
24h,LightGBM,32,480,18.877118861995733,27.35264812277553,12.82797542354147
24h,LightGBM,33,495,18.350579480760665,26.425829045841894,12.437845681785767
24h,LightGBM,34,510,18.58246927484892,26.668146280059933,12.590248423454922
24h,LightGBM,35,525,18.835724071470064,27.16406523084406,12.735316939862024
24h,LightGBM,36,540,18.52442721215577,26.744340589758625,12.499806194223464
24h,LightGBM,37,555,19.28811893981004,28.16897363374994,12.934911156785894
24h,LightGBM,38,570,19.229511577640533,28.209062357658727,12.939695532173806
24h,LightGBM,39,585,19.09728585894671,27.856164448927245,12.850654967820333
24h,LightGBM,40,600,19.281113241749388,28.495547498115446,13.037880747534839
24h,LightGBM,41,615,19.471516920112176,28.79488510483582,13.036873936841012
24h,LightGBM,42,630,19.07911140871415,28.076474909938735,12.876374568226378
24h,LightGBM,43,645,19.48252987014998,28.754257466675902,13.230987879512163
24h,LightGBM,44,660,19.254776185420614,28.415031537631386,13.097418273122493
24h,LightGBM,45,675,19.454296047434134,28.726634781041383,13.201688714848364
24h,LightGBM,46,690,19.665557695907783,29.28415624605057,13.441284483199855
24h,LightGBM,47,705,20.452490967087474,31.503626463808178,14.500513089939664
24h,LightGBM,48,720,20.98579941293796,32.03100301209994,15.021388710032202
24h,LightGBM,49,735,20.376775074070522,31.120963551738914,14.658371302605955
24h,LightGBM,50,750,20.340618762116875,30.25394792992561,14.380093794501445
24h,LightGBM,51,765,20.01527384243244,29.850048591977167,14.053083409815951
24h,LightGBM,52,780,20.18554826794831,30.282282888154597,14.024966393583066
24h,LightGBM,53,795,19.653979185857885,29.118088903599638,13.407568741242363
24h,LightGBM,54,810,19.631687274597375,29.289516255103276,13.308518029810044
24h,LightGBM,55,825,19.524096346799016,29.000681003093497,13.20659702539419
24h,LightGBM,56,840,19.549045529994427,29.31657995138612,13.184867013389812
24h,LightGBM,57,855,19.555188893604818,29.191259146674458,13.25292069657486
24h,LightGBM,58,870,19.557908705932533,29.129878633842505,13.239567287383602
24h,LightGBM,59,885,19.376953121408242,28.760209381509224,13.054942907762337
24h,LightGBM,60,900,19.247243148586723,28.488449577980536,12.977346057281983
24h,LightGBM,61,915,19.431208240192266,28.86914303518093,13.085810887982916
24h,LightGBM,62,930,19.58618951928226,29.273256058802726,13.169907098567336
24h,LightGBM,63,945,19.177365375218155,28.427211293242163,12.866787830023686
24h,LightGBM,64,960,19.368656823267557,28.925117096547392,13.08402988055484
24h,LightGBM,65,975,19.089290288657743,28.28067227612409,12.779796389256012
24h,LightGBM,66,990,19.74139048674048,29.483869860092472,13.260506778386253
24h,LightGBM,67,1005,19.279911384762013,28.82513241806252,12.915793573462134
24h,LightGBM,68,1020,19.44437504745119,29.086785141863977,13.058784626808798
24h,LightGBM,69,1035,19.422978295202046,28.95691095293895,13.048717283609266
24h,LightGBM,70,1050,18.781334568905493,27.774061844893485,12.51944565310856
24h,LightGBM,71,1065,18.87055190048426,27.77127073413145,12.566934877388736
24h,LightGBM,72,1080,19.001933776494738,28.113967867582883,12.646170697287035
24h,LightGBM,73,1095,19.34846366951687,28.807989366440157,12.957131584827888
24h,LightGBM,74,1110,18.600563929984528,27.471921993946918,12.367105129844024
24h,LightGBM,75,1125,19.41478982204448,28.88486635297287,12.96990661187422
24h,LightGBM,76,1140,19.060557733268556,28.320654286497643,12.708741665606937
24h,LightGBM,77,1155,18.8723839484974,27.94087934816431,12.58235281528183
24h,LightGBM,78,1170,19.220658283546,28.64300027895284,12.839057654166455
24h,LightGBM,79,1185,18.870876073434875,28.05424862210162,12.640433453503706
24h,LightGBM,80,1200,19.114847353762645,28.514220183822406,12.875598203730021
24h,LightGBM,81,1215,19.834965377816225,30.036333418149212,13.369125342976634
24h,LightGBM,82,1230,18.523333121429495,27.39951612735617,12.345727513544807
24h,LightGBM,83,1245,18.863461112919587,27.806034740642694,12.634459395865575
24h,LightGBM,84,1260,18.065744441421877,26.660225463820638,12.002765102008217
24h,LightGBM,85,1275,18.406167710137428,27.24624649933226,12.334154347279311
24h,LightGBM,86,1290,18.201926072509913,26.885244920995593,11.958899650046046
24h,LightGBM,87,1305,17.379291785204746,25.389618583603117,11.317914519766587
24h,LightGBM,88,1320,19.1324820529931,28.883635888919144,12.835823672690196
24h,LightGBM,89,1335,17.84616914629129,26.642207303107597,11.78876417265824
24h,LightGBM,90,1350,16.635812070241588,24.501074904707924,10.835611614232887
24h,LightGBM,91,1365,17.63970586644066,26.5002871411791,11.846963717627032
24h,LightGBM,92,1380,17.13183896107111,25.5547423000813,11.525596217843447
24h,LightGBM,93,1395,17.036234788699073,25.3972602662719,11.455262188739388
24h,LightGBM,94,1410,15.819603831039442,23.44669629466819,10.782046150130407
24h,LightGBM,95,1425,14.847595152993083,22.23877681903876,10.201118757298765
24h,LightGBM,96,1440,14.650246962935213,21.995192941785096,10.007648750084732
